{"humidity":42.07281494140625,"tempf":71.31623077392578,"pascals":738.6599731445312,"barotemp":72.38749694824219,"voltage":4.346250057220459,"soc":120.28125,"alert":false,"windir":"N","winspd":0,"timestamp":"Mon Jul 10 2017 14:58:12 GMT-0600 (MDT)"}