{"humidity":20.397705078125,"tempf":79.36421203613281,"pascals":739.9849853515625,"barotemp":80.48750305175781,"voltage":4.346250057220459,"soc":120.28125,"alert":false,"windir":"NW","winspd":25}
