{"humidity":28.01947021484375,"tempf":67.35000610351562,"pascals":740.469970703125,"barotemp":67.88749694824219,"voltage":4.34499979019165,"soc":119.96484375,"alert":false,"windir":"SW","winspd":0}