{
	"humidity": 43.3316650390625,
	"tempf": 56.54876708984375,
	"pascals": 740.7550048828125,
	"barotemp": 57.20000076293945,
	"voltage": 4.34375,
	"soc": 119.96484375,
	"alert": false,
	"windir": "SW",
	"winspd": 0
}